{
  "hash": "529124a6",
  "configHash": "18275bd0",
  "lockfileHash": "4589f3ab",
  "browserHash": "5ff8194b",
  "optimized": {
    "@angular/cdk/bidi": {
      "src": "../../../../../../node_modules/@angular/cdk/fesm2022/bidi.mjs",
      "file": "@angular_cdk_bidi.js",
      "fileHash": "e0c2a33e",
      "needsInterop": false
    },
    "@angular/cdk/scrolling": {
      "src": "../../../../../../node_modules/@angular/cdk/fesm2022/scrolling.mjs",
      "file": "@angular_cdk_scrolling.js",
      "fileHash": "ea6f4994",
      "needsInterop": false
    },
    "@angular/cdk/text-field": {
      "src": "../../../../../../node_modules/@angular/cdk/fesm2022/text-field.mjs",
      "file": "@angular_cdk_text-field.js",
      "fileHash": "4593a22c",
      "needsInterop": false
    },
    "@angular/common": {
      "src": "../../../../../../node_modules/@angular/common/fesm2022/common.mjs",
      "file": "@angular_common.js",
      "fileHash": "6046481c",
      "needsInterop": false
    },
    "@angular/common/http": {
      "src": "../../../../../../node_modules/@angular/common/fesm2022/http.mjs",
      "file": "@angular_common_http.js",
      "fileHash": "37d1a9dc",
      "needsInterop": false
    },
    "@angular/core": {
      "src": "../../../../../../node_modules/@angular/core/fesm2022/core.mjs",
      "file": "@angular_core.js",
      "fileHash": "f939f12b",
      "needsInterop": false
    },
    "@angular/forms": {
      "src": "../../../../../../node_modules/@angular/forms/fesm2022/forms.mjs",
      "file": "@angular_forms.js",
      "fileHash": "c6209505",
      "needsInterop": false
    },
    "@angular/material/button": {
      "src": "../../../../../../node_modules/@angular/material/fesm2022/button.mjs",
      "file": "@angular_material_button.js",
      "fileHash": "8ebde686",
      "needsInterop": false
    },
    "@angular/material/dialog": {
      "src": "../../../../../../node_modules/@angular/material/fesm2022/dialog.mjs",
      "file": "@angular_material_dialog.js",
      "fileHash": "e9067da2",
      "needsInterop": false
    },
    "@angular/material/form-field": {
      "src": "../../../../../../node_modules/@angular/material/fesm2022/form-field.mjs",
      "file": "@angular_material_form-field.js",
      "fileHash": "b1e22087",
      "needsInterop": false
    },
    "@angular/material/icon": {
      "src": "../../../../../../node_modules/@angular/material/fesm2022/icon.mjs",
      "file": "@angular_material_icon.js",
      "fileHash": "39457600",
      "needsInterop": false
    },
    "@angular/material/input": {
      "src": "../../../../../../node_modules/@angular/material/fesm2022/input.mjs",
      "file": "@angular_material_input.js",
      "fileHash": "ce3d3bee",
      "needsInterop": false
    },
    "@angular/material/paginator": {
      "src": "../../../../../../node_modules/@angular/material/fesm2022/paginator.mjs",
      "file": "@angular_material_paginator.js",
      "fileHash": "d01e0b31",
      "needsInterop": false
    },
    "@angular/material/select": {
      "src": "../../../../../../node_modules/@angular/material/fesm2022/select.mjs",
      "file": "@angular_material_select.js",
      "fileHash": "58967713",
      "needsInterop": false
    },
    "@angular/material/sort": {
      "src": "../../../../../../node_modules/@angular/material/fesm2022/sort.mjs",
      "file": "@angular_material_sort.js",
      "fileHash": "af2c0e69",
      "needsInterop": false
    },
    "@angular/material/table": {
      "src": "../../../../../../node_modules/@angular/material/fesm2022/table.mjs",
      "file": "@angular_material_table.js",
      "fileHash": "c84acdf9",
      "needsInterop": false
    },
    "@angular/material/toolbar": {
      "src": "../../../../../../node_modules/@angular/material/fesm2022/toolbar.mjs",
      "file": "@angular_material_toolbar.js",
      "fileHash": "dc4f1709",
      "needsInterop": false
    },
    "@angular/material/tooltip": {
      "src": "../../../../../../node_modules/@angular/material/fesm2022/tooltip.mjs",
      "file": "@angular_material_tooltip.js",
      "fileHash": "faa23a2e",
      "needsInterop": false
    },
    "@angular/platform-browser": {
      "src": "../../../../../../node_modules/@angular/platform-browser/fesm2022/platform-browser.mjs",
      "file": "@angular_platform-browser.js",
      "fileHash": "d267e292",
      "needsInterop": false
    },
    "@angular/platform-server/init": {
      "src": "../../../../../../node_modules/@angular/platform-server/fesm2022/init.mjs",
      "file": "@angular_platform-server_init.js",
      "fileHash": "100d9741",
      "needsInterop": false
    },
    "@angular/router": {
      "src": "../../../../../../node_modules/@angular/router/fesm2022/router.mjs",
      "file": "@angular_router.js",
      "fileHash": "0c079513",
      "needsInterop": false
    },
    "@angular/ssr": {
      "src": "../../../../../../node_modules/@angular/ssr/fesm2022/ssr.mjs",
      "file": "@angular_ssr.js",
      "fileHash": "b89e2e15",
      "needsInterop": false
    },
    "zone.js/node": {
      "src": "../../../../../../node_modules/zone.js/fesm2015/zone-node.js",
      "file": "zone__js_node.js",
      "fileHash": "b35d339f",
      "needsInterop": true
    }
  },
  "chunks": {
    "chunk-I34XHHVK": {
      "file": "chunk-I34XHHVK.js"
    },
    "xhr2-E5RTESSH": {
      "file": "xhr2-E5RTESSH.js"
    },
    "chunk-XXXSJQG2": {
      "file": "chunk-XXXSJQG2.js"
    },
    "chunk-BF2QESUP": {
      "file": "chunk-BF2QESUP.js"
    },
    "chunk-C2S443MA": {
      "file": "chunk-C2S443MA.js"
    },
    "chunk-C54DV7SQ": {
      "file": "chunk-C54DV7SQ.js"
    },
    "chunk-PTW3CVZE": {
      "file": "chunk-PTW3CVZE.js"
    },
    "chunk-WAHYQOR2": {
      "file": "chunk-WAHYQOR2.js"
    },
    "chunk-RF3MLFTL": {
      "file": "chunk-RF3MLFTL.js"
    },
    "chunk-D5WUYM6C": {
      "file": "chunk-D5WUYM6C.js"
    },
    "chunk-4SHDB4U4": {
      "file": "chunk-4SHDB4U4.js"
    },
    "chunk-AJFI52SA": {
      "file": "chunk-AJFI52SA.js"
    },
    "chunk-MCLQRPGK": {
      "file": "chunk-MCLQRPGK.js"
    },
    "chunk-RLKNDOON": {
      "file": "chunk-RLKNDOON.js"
    },
    "chunk-KXD77YIU": {
      "file": "chunk-KXD77YIU.js"
    },
    "chunk-S5ERTUHO": {
      "file": "chunk-S5ERTUHO.js"
    },
    "chunk-PBHITQLE": {
      "file": "chunk-PBHITQLE.js"
    },
    "chunk-YZRXDCC3": {
      "file": "chunk-YZRXDCC3.js"
    },
    "chunk-AN2CD7TW": {
      "file": "chunk-AN2CD7TW.js"
    },
    "chunk-O4M26XUA": {
      "file": "chunk-O4M26XUA.js"
    },
    "chunk-NGFPJQNS": {
      "file": "chunk-NGFPJQNS.js"
    },
    "chunk-74FRCIBO": {
      "file": "chunk-74FRCIBO.js"
    },
    "chunk-YNH7ZZW7": {
      "file": "chunk-YNH7ZZW7.js"
    },
    "chunk-MLXUHDRH": {
      "file": "chunk-MLXUHDRH.js"
    },
    "chunk-NSNFIM63": {
      "file": "chunk-NSNFIM63.js"
    },
    "chunk-SD5VBNF2": {
      "file": "chunk-SD5VBNF2.js"
    },
    "chunk-CCXG4OVJ": {
      "file": "chunk-CCXG4OVJ.js"
    },
    "chunk-SEK7UKQV": {
      "file": "chunk-SEK7UKQV.js"
    },
    "chunk-6DU2HRTW": {
      "file": "chunk-6DU2HRTW.js"
    }
  }
}