{
  "hash": "054a4949",
  "configHash": "c8a5cb72",
  "lockfileHash": "4589f3ab",
  "browserHash": "7a94831f",
  "optimized": {
    "@angular/cdk/bidi": {
      "src": "../../../../../../node_modules/@angular/cdk/fesm2022/bidi.mjs",
      "file": "@angular_cdk_bidi.js",
      "fileHash": "0285af4f",
      "needsInterop": false
    },
    "@angular/cdk/scrolling": {
      "src": "../../../../../../node_modules/@angular/cdk/fesm2022/scrolling.mjs",
      "file": "@angular_cdk_scrolling.js",
      "fileHash": "3fa3df6b",
      "needsInterop": false
    },
    "@angular/cdk/text-field": {
      "src": "../../../../../../node_modules/@angular/cdk/fesm2022/text-field.mjs",
      "file": "@angular_cdk_text-field.js",
      "fileHash": "a5742ec5",
      "needsInterop": false
    },
    "@angular/common": {
      "src": "../../../../../../node_modules/@angular/common/fesm2022/common.mjs",
      "file": "@angular_common.js",
      "fileHash": "ff0e2e11",
      "needsInterop": false
    },
    "@angular/common/http": {
      "src": "../../../../../../node_modules/@angular/common/fesm2022/http.mjs",
      "file": "@angular_common_http.js",
      "fileHash": "2f234548",
      "needsInterop": false
    },
    "@angular/core": {
      "src": "../../../../../../node_modules/@angular/core/fesm2022/core.mjs",
      "file": "@angular_core.js",
      "fileHash": "0118e770",
      "needsInterop": false
    },
    "@angular/forms": {
      "src": "../../../../../../node_modules/@angular/forms/fesm2022/forms.mjs",
      "file": "@angular_forms.js",
      "fileHash": "3254e489",
      "needsInterop": false
    },
    "@angular/material/button": {
      "src": "../../../../../../node_modules/@angular/material/fesm2022/button.mjs",
      "file": "@angular_material_button.js",
      "fileHash": "f47722b9",
      "needsInterop": false
    },
    "@angular/material/dialog": {
      "src": "../../../../../../node_modules/@angular/material/fesm2022/dialog.mjs",
      "file": "@angular_material_dialog.js",
      "fileHash": "ade8bfd6",
      "needsInterop": false
    },
    "@angular/material/form-field": {
      "src": "../../../../../../node_modules/@angular/material/fesm2022/form-field.mjs",
      "file": "@angular_material_form-field.js",
      "fileHash": "8054a141",
      "needsInterop": false
    },
    "@angular/material/icon": {
      "src": "../../../../../../node_modules/@angular/material/fesm2022/icon.mjs",
      "file": "@angular_material_icon.js",
      "fileHash": "efaa171c",
      "needsInterop": false
    },
    "@angular/material/input": {
      "src": "../../../../../../node_modules/@angular/material/fesm2022/input.mjs",
      "file": "@angular_material_input.js",
      "fileHash": "29e24ad8",
      "needsInterop": false
    },
    "@angular/material/paginator": {
      "src": "../../../../../../node_modules/@angular/material/fesm2022/paginator.mjs",
      "file": "@angular_material_paginator.js",
      "fileHash": "86918430",
      "needsInterop": false
    },
    "@angular/material/select": {
      "src": "../../../../../../node_modules/@angular/material/fesm2022/select.mjs",
      "file": "@angular_material_select.js",
      "fileHash": "fb301d58",
      "needsInterop": false
    },
    "@angular/material/sort": {
      "src": "../../../../../../node_modules/@angular/material/fesm2022/sort.mjs",
      "file": "@angular_material_sort.js",
      "fileHash": "af866532",
      "needsInterop": false
    },
    "@angular/material/table": {
      "src": "../../../../../../node_modules/@angular/material/fesm2022/table.mjs",
      "file": "@angular_material_table.js",
      "fileHash": "b6c844e8",
      "needsInterop": false
    },
    "@angular/material/toolbar": {
      "src": "../../../../../../node_modules/@angular/material/fesm2022/toolbar.mjs",
      "file": "@angular_material_toolbar.js",
      "fileHash": "8d993a8f",
      "needsInterop": false
    },
    "@angular/material/tooltip": {
      "src": "../../../../../../node_modules/@angular/material/fesm2022/tooltip.mjs",
      "file": "@angular_material_tooltip.js",
      "fileHash": "1551b246",
      "needsInterop": false
    },
    "@angular/platform-browser": {
      "src": "../../../../../../node_modules/@angular/platform-browser/fesm2022/platform-browser.mjs",
      "file": "@angular_platform-browser.js",
      "fileHash": "e797a890",
      "needsInterop": false
    },
    "@angular/router": {
      "src": "../../../../../../node_modules/@angular/router/fesm2022/router.mjs",
      "file": "@angular_router.js",
      "fileHash": "10c1ca03",
      "needsInterop": false
    },
    "zone.js": {
      "src": "../../../../../../node_modules/zone.js/fesm2015/zone.js",
      "file": "zone__js.js",
      "fileHash": "27e247a6",
      "needsInterop": true
    }
  },
  "chunks": {
    "chunk-WGYCQSLY": {
      "file": "chunk-WGYCQSLY.js"
    },
    "chunk-53JDLUP2": {
      "file": "chunk-53JDLUP2.js"
    },
    "chunk-OF5SGQNV": {
      "file": "chunk-OF5SGQNV.js"
    },
    "chunk-ZSEOBCMH": {
      "file": "chunk-ZSEOBCMH.js"
    },
    "chunk-7WASTIO7": {
      "file": "chunk-7WASTIO7.js"
    },
    "chunk-GC35URCZ": {
      "file": "chunk-GC35URCZ.js"
    },
    "chunk-UTMFUJPZ": {
      "file": "chunk-UTMFUJPZ.js"
    },
    "chunk-OOJMXPA3": {
      "file": "chunk-OOJMXPA3.js"
    },
    "chunk-D65LV6DV": {
      "file": "chunk-D65LV6DV.js"
    },
    "chunk-GEOSP2LY": {
      "file": "chunk-GEOSP2LY.js"
    },
    "chunk-2DLCBKFW": {
      "file": "chunk-2DLCBKFW.js"
    },
    "chunk-FYI4ARLB": {
      "file": "chunk-FYI4ARLB.js"
    },
    "chunk-TW6OKEV5": {
      "file": "chunk-TW6OKEV5.js"
    },
    "chunk-QCETVJKM": {
      "file": "chunk-QCETVJKM.js"
    },
    "chunk-KAPXTIMC": {
      "file": "chunk-KAPXTIMC.js"
    },
    "chunk-G3YW5GWN": {
      "file": "chunk-G3YW5GWN.js"
    },
    "chunk-EOFW2REK": {
      "file": "chunk-EOFW2REK.js"
    },
    "chunk-6IJ7PXPY": {
      "file": "chunk-6IJ7PXPY.js"
    },
    "chunk-7JK7HPKB": {
      "file": "chunk-7JK7HPKB.js"
    },
    "chunk-AV3WJEAV": {
      "file": "chunk-AV3WJEAV.js"
    },
    "chunk-K3QRATOD": {
      "file": "chunk-K3QRATOD.js"
    },
    "chunk-6DQNIVWS": {
      "file": "chunk-6DQNIVWS.js"
    },
    "chunk-CORCZJEO": {
      "file": "chunk-CORCZJEO.js"
    },
    "chunk-A5YXU5ED": {
      "file": "chunk-A5YXU5ED.js"
    },
    "chunk-DBQVMHQU": {
      "file": "chunk-DBQVMHQU.js"
    },
    "chunk-RVPMIXTJ": {
      "file": "chunk-RVPMIXTJ.js"
    },
    "chunk-GOMI4DH3": {
      "file": "chunk-GOMI4DH3.js"
    }
  }
}